Transaction ID,Customer ID,Gender,Age,Product Category,Quantity,Price per Unit,Total Amount,Month,Month_Num,AnoMes,Faixa_Etaria
1,CUST001,Male,34,Beauty,3,50.0,150.0,November,11,2023-11,26-35
2,CUST002,Female,26,Clothing,2,500.0,1000.0,February,2,2023-02,26-35
3,CUST003,Male,50,Electronics,1,30.0,30.0,January,1,2023-01,36-50
4,CUST004,Male,37,Clothing,1,500.0,500.0,May,5,2023-05,36-50
5,CUST005,Male,30,Beauty,2,50.0,100.0,May,5,2023-05,26-35
6,CUST006,Female,45,Beauty,1,30.0,30.0,April,4,2023-04,36-50
7,CUST007,Male,46,Clothing,2,25.0,50.0,March,3,2023-03,36-50
8,CUST008,Male,30,Electronics,4,25.0,100.0,February,2,2023-02,26-35
9,CUST009,Male,63,Electronics,2,300.0,600.0,December,12,2023-12,51-64
10,CUST010,Female,52,Clothing,4,50.0,200.0,October,10,2023-10,51-64
11,CUST011,Male,23,Clothing,2,50.0,100.0,February,2,2023-02,18-25
12,CUST012,Male,35,Beauty,3,25.0,75.0,October,10,2023-10,26-35
13,CUST013,Male,22,Electronics,3,500.0,1500.0,August,8,2023-08,18-25
14,CUST014,Male,64,Clothing,4,30.0,120.0,January,1,2023-01,51-64
15,CUST015,Female,42,Electronics,4,500.0,2000.0,January,1,2023-01,36-50
16,CUST016,Male,19,Clothing,3,500.0,1500.0,February,2,2023-02,18-25
17,CUST017,Female,27,Clothing,4,25.0,100.0,April,4,2023-04,26-35
18,CUST018,Female,47,Electronics,2,25.0,50.0,April,4,2023-04,36-50
19,CUST019,Female,62,Clothing,2,25.0,50.0,September,9,2023-09,51-64
20,CUST020,Male,22,Clothing,3,300.0,900.0,November,11,2023-11,18-25
21,CUST021,Female,50,Beauty,1,500.0,500.0,January,1,2023-01,36-50
22,CUST022,Male,18,Clothing,2,50.0,100.0,October,10,2023-10,
23,CUST023,Female,35,Clothing,4,30.0,120.0,April,4,2023-04,26-35
24,CUST024,Female,49,Clothing,1,300.0,300.0,November,11,2023-11,36-50
25,CUST025,Female,64,Beauty,1,50.0,50.0,December,12,2023-12,51-64
26,CUST026,Female,28,Electronics,2,500.0,1000.0,October,10,2023-10,26-35
27,CUST027,Female,38,Beauty,2,25.0,50.0,August,8,2023-08,36-50
28,CUST028,Female,43,Beauty,1,500.0,500.0,April,4,2023-04,36-50
29,CUST029,Female,42,Electronics,1,30.0,30.0,August,8,2023-08,36-50
30,CUST030,Female,39,Beauty,3,300.0,900.0,October,10,2023-10,36-50
31,CUST031,Male,44,Electronics,4,300.0,1200.0,May,5,2023-05,36-50
32,CUST032,Male,30,Beauty,3,30.0,90.0,January,1,2023-01,26-35
33,CUST033,Female,50,Electronics,2,50.0,100.0,March,3,2023-03,36-50
34,CUST034,Female,51,Clothing,3,50.0,150.0,December,12,2023-12,51-64
35,CUST035,Female,58,Beauty,3,300.0,900.0,August,8,2023-08,51-64
36,CUST036,Male,52,Beauty,3,300.0,900.0,June,6,2023-06,51-64
37,CUST037,Female,18,Beauty,3,25.0,75.0,May,5,2023-05,
38,CUST038,Male,38,Beauty,4,50.0,200.0,March,3,2023-03,36-50
39,CUST039,Male,23,Clothing,4,30.0,120.0,April,4,2023-04,18-25
40,CUST040,Male,45,Beauty,1,50.0,50.0,June,6,2023-06,36-50
41,CUST041,Male,34,Clothing,2,25.0,50.0,February,2,2023-02,26-35
42,CUST042,Male,22,Clothing,3,300.0,900.0,February,2,2023-02,18-25
43,CUST043,Female,48,Clothing,1,300.0,300.0,July,7,2023-07,36-50
44,CUST044,Female,22,Clothing,1,25.0,25.0,February,2,2023-02,18-25
45,CUST045,Female,55,Electronics,1,30.0,30.0,July,7,2023-07,51-64
46,CUST046,Female,20,Electronics,4,300.0,1200.0,June,6,2023-06,18-25
47,CUST047,Female,40,Beauty,3,500.0,1500.0,November,11,2023-11,36-50
48,CUST048,Male,54,Electronics,3,300.0,900.0,May,5,2023-05,51-64
49,CUST049,Female,54,Electronics,2,500.0,1000.0,January,1,2023-01,51-64
50,CUST050,Female,27,Beauty,3,25.0,75.0,August,8,2023-08,26-35
51,CUST051,Male,27,Beauty,3,25.0,75.0,October,10,2023-10,26-35
52,CUST052,Female,36,Beauty,1,300.0,300.0,March,3,2023-03,36-50
53,CUST053,Male,34,Electronics,2,50.0,100.0,July,7,2023-07,26-35
54,CUST054,Female,38,Electronics,3,500.0,1500.0,February,2,2023-02,36-50
55,CUST055,Male,31,Beauty,4,30.0,120.0,October,10,2023-10,26-35
56,CUST056,Female,26,Clothing,3,300.0,900.0,May,5,2023-05,26-35
57,CUST057,Female,63,Beauty,1,30.0,30.0,November,11,2023-11,51-64
58,CUST058,Male,18,Clothing,4,300.0,1200.0,November,11,2023-11,
59,CUST059,Male,62,Clothing,1,50.0,50.0,July,7,2023-07,51-64
60,CUST060,Male,30,Beauty,3,50.0,150.0,October,10,2023-10,26-35
61,CUST061,Male,21,Beauty,4,50.0,200.0,April,4,2023-04,18-25
62,CUST062,Male,18,Beauty,2,50.0,100.0,December,12,2023-12,
63,CUST063,Male,57,Electronics,2,25.0,50.0,February,2,2023-02,51-64
64,CUST064,Male,49,Clothing,4,25.0,100.0,January,1,2023-01,36-50
65,CUST065,Male,51,Electronics,4,500.0,2000.0,December,12,2023-12,51-64
66,CUST066,Female,45,Electronics,1,30.0,30.0,April,4,2023-04,36-50
67,CUST067,Female,48,Beauty,4,300.0,1200.0,May,5,2023-05,36-50
68,CUST068,Male,25,Electronics,1,300.0,300.0,February,2,2023-02,18-25
69,CUST069,Female,56,Beauty,3,25.0,75.0,April,4,2023-04,51-64
70,CUST070,Female,43,Clothing,1,300.0,300.0,February,2,2023-02,36-50
71,CUST071,Female,51,Beauty,4,25.0,100.0,July,7,2023-07,51-64
72,CUST072,Female,20,Electronics,4,500.0,2000.0,May,5,2023-05,18-25
73,CUST073,Male,29,Electronics,3,30.0,90.0,August,8,2023-08,26-35
74,CUST074,Female,18,Beauty,4,500.0,2000.0,November,11,2023-11,
75,CUST075,Male,61,Beauty,4,50.0,200.0,July,7,2023-07,51-64
76,CUST076,Female,22,Electronics,2,50.0,100.0,March,3,2023-03,18-25
77,CUST077,Female,47,Clothing,2,50.0,100.0,July,7,2023-07,36-50
78,CUST078,Female,47,Clothing,3,500.0,1500.0,July,7,2023-07,36-50
79,CUST079,Male,34,Beauty,1,300.0,300.0,April,4,2023-04,26-35
80,CUST080,Female,64,Clothing,2,30.0,60.0,December,12,2023-12,51-64
81,CUST081,Male,40,Electronics,1,50.0,50.0,May,5,2023-05,36-50
82,CUST082,Female,32,Beauty,4,50.0,200.0,December,12,2023-12,26-35
83,CUST083,Male,54,Electronics,2,50.0,100.0,December,12,2023-12,51-64
84,CUST084,Female,38,Electronics,3,30.0,90.0,November,11,2023-11,36-50
85,CUST085,Male,31,Clothing,3,50.0,150.0,February,2,2023-02,26-35
86,CUST086,Male,19,Beauty,3,30.0,90.0,November,11,2023-11,18-25
87,CUST087,Female,28,Beauty,2,50.0,100.0,November,11,2023-11,26-35
88,CUST088,Male,56,Clothing,1,500.0,500.0,March,3,2023-03,51-64
89,CUST089,Female,55,Electronics,4,500.0,2000.0,October,10,2023-10,51-64
90,CUST090,Female,51,Electronics,1,30.0,30.0,May,5,2023-05,51-64
91,CUST091,Female,55,Electronics,1,500.0,500.0,March,3,2023-03,51-64
92,CUST092,Female,51,Electronics,4,30.0,120.0,August,8,2023-08,51-64
93,CUST093,Female,35,Beauty,4,500.0,2000.0,July,7,2023-07,26-35
94,CUST094,Female,47,Beauty,2,500.0,1000.0,May,5,2023-05,36-50
95,CUST095,Female,32,Clothing,2,30.0,60.0,November,11,2023-11,26-35
96,CUST096,Female,44,Clothing,2,300.0,600.0,December,12,2023-12,36-50
97,CUST097,Female,51,Beauty,2,500.0,1000.0,October,10,2023-10,51-64
98,CUST098,Female,55,Beauty,2,50.0,100.0,April,4,2023-04,51-64
99,CUST099,Female,50,Electronics,4,300.0,1200.0,December,12,2023-12,36-50
100,CUST100,Male,41,Electronics,1,30.0,30.0,June,6,2023-06,36-50
101,CUST101,Male,32,Clothing,2,300.0,600.0,January,1,2023-01,26-35
102,CUST102,Female,47,Beauty,2,25.0,50.0,April,4,2023-04,36-50
103,CUST103,Female,59,Clothing,1,25.0,25.0,January,1,2023-01,51-64
104,CUST104,Female,34,Beauty,2,500.0,1000.0,June,6,2023-06,26-35
105,CUST105,Female,22,Electronics,1,500.0,500.0,July,7,2023-07,18-25
106,CUST106,Female,46,Clothing,1,50.0,50.0,May,5,2023-05,36-50
107,CUST107,Female,21,Clothing,4,300.0,1200.0,February,2,2023-02,18-25
108,CUST108,Female,27,Beauty,3,25.0,75.0,April,4,2023-04,26-35
109,CUST109,Female,34,Electronics,4,500.0,2000.0,October,10,2023-10,26-35
110,CUST110,Male,27,Clothing,3,300.0,900.0,June,6,2023-06,26-35
111,CUST111,Female,34,Electronics,3,500.0,1500.0,April,4,2023-04,26-35
112,CUST112,Male,37,Clothing,3,500.0,1500.0,December,12,2023-12,36-50
113,CUST113,Female,41,Electronics,2,25.0,50.0,September,9,2023-09,36-50
114,CUST114,Female,22,Beauty,4,25.0,100.0,July,7,2023-07,18-25
115,CUST115,Male,51,Clothing,3,500.0,1500.0,November,11,2023-11,51-64
116,CUST116,Female,23,Clothing,1,30.0,30.0,August,8,2023-08,18-25
117,CUST117,Male,19,Electronics,2,500.0,1000.0,March,3,2023-03,18-25
118,CUST118,Female,30,Electronics,4,500.0,2000.0,May,5,2023-05,26-35
119,CUST119,Female,60,Clothing,3,50.0,150.0,March,3,2023-03,51-64
120,CUST120,Male,60,Beauty,1,50.0,50.0,May,5,2023-05,51-64
121,CUST121,Female,28,Electronics,4,50.0,200.0,October,10,2023-10,26-35
122,CUST122,Male,64,Electronics,4,30.0,120.0,October,10,2023-10,51-64
123,CUST123,Female,40,Electronics,2,30.0,60.0,May,5,2023-05,36-50
124,CUST124,Male,33,Clothing,4,500.0,2000.0,October,10,2023-10,26-35
125,CUST125,Male,48,Clothing,2,50.0,100.0,August,8,2023-08,36-50
126,CUST126,Female,28,Clothing,3,30.0,90.0,October,10,2023-10,26-35
127,CUST127,Female,33,Clothing,2,25.0,50.0,July,7,2023-07,26-35
128,CUST128,Male,25,Beauty,1,500.0,500.0,July,7,2023-07,18-25
129,CUST129,Female,21,Beauty,2,300.0,600.0,April,4,2023-04,18-25
130,CUST130,Female,57,Clothing,1,500.0,500.0,March,3,2023-03,51-64
131,CUST131,Female,21,Beauty,2,300.0,600.0,September,9,2023-09,18-25
132,CUST132,Male,42,Electronics,4,50.0,200.0,September,9,2023-09,36-50
133,CUST133,Male,20,Electronics,3,300.0,900.0,February,2,2023-02,18-25
134,CUST134,Male,49,Electronics,1,50.0,50.0,January,1,2023-01,36-50
135,CUST135,Male,20,Clothing,2,25.0,50.0,February,2,2023-02,18-25
136,CUST136,Male,44,Electronics,2,300.0,600.0,March,3,2023-03,36-50
137,CUST137,Male,46,Beauty,2,500.0,1000.0,November,11,2023-11,36-50
138,CUST138,Male,49,Clothing,4,50.0,200.0,March,3,2023-03,36-50
139,CUST139,Male,36,Beauty,4,500.0,2000.0,December,12,2023-12,36-50
140,CUST140,Male,38,Electronics,1,30.0,30.0,August,8,2023-08,36-50
141,CUST141,Female,22,Electronics,1,50.0,50.0,November,11,2023-11,18-25
142,CUST142,Male,35,Electronics,4,300.0,1200.0,February,2,2023-02,26-35
143,CUST143,Female,45,Clothing,1,50.0,50.0,July,7,2023-07,36-50
144,CUST144,Female,59,Beauty,3,500.0,1500.0,July,7,2023-07,51-64
145,CUST145,Female,39,Clothing,3,25.0,75.0,November,11,2023-11,36-50
146,CUST146,Male,38,Clothing,4,50.0,200.0,August,8,2023-08,36-50
147,CUST147,Male,23,Electronics,1,300.0,300.0,September,9,2023-09,18-25
148,CUST148,Male,18,Clothing,2,30.0,60.0,May,5,2023-05,
149,CUST149,Male,22,Clothing,3,25.0,75.0,October,10,2023-10,18-25
150,CUST150,Female,58,Electronics,4,30.0,120.0,January,1,2023-01,51-64
151,CUST151,Male,29,Clothing,1,50.0,50.0,December,12,2023-12,26-35
152,CUST152,Male,43,Electronics,4,500.0,2000.0,February,2,2023-02,36-50
153,CUST153,Male,63,Electronics,2,500.0,1000.0,December,12,2023-12,51-64
154,CUST154,Male,51,Electronics,3,300.0,900.0,October,10,2023-10,51-64
155,CUST155,Male,31,Electronics,4,500.0,2000.0,May,5,2023-05,26-35
156,CUST156,Female,43,Clothing,4,25.0,100.0,November,11,2023-11,36-50
157,CUST157,Male,62,Electronics,4,500.0,2000.0,June,6,2023-06,51-64
158,CUST158,Female,44,Electronics,2,300.0,600.0,February,2,2023-02,36-50
159,CUST159,Male,26,Clothing,4,50.0,200.0,May,5,2023-05,26-35
160,CUST160,Female,43,Clothing,2,50.0,100.0,August,8,2023-08,36-50
161,CUST161,Male,64,Beauty,2,500.0,1000.0,March,3,2023-03,51-64
162,CUST162,Male,39,Clothing,2,30.0,60.0,August,8,2023-08,36-50
163,CUST163,Female,64,Clothing,3,50.0,150.0,January,1,2023-01,51-64
164,CUST164,Female,47,Beauty,3,500.0,1500.0,May,5,2023-05,36-50
165,CUST165,Female,60,Clothing,4,300.0,1200.0,September,9,2023-09,51-64
166,CUST166,Male,34,Clothing,4,500.0,2000.0,April,4,2023-04,26-35
167,CUST167,Female,43,Clothing,3,50.0,150.0,September,9,2023-09,36-50
168,CUST168,Male,53,Clothing,1,300.0,300.0,February,2,2023-02,51-64
169,CUST169,Male,18,Beauty,3,500.0,1500.0,November,11,2023-11,
170,CUST170,Female,25,Clothing,2,25.0,50.0,June,6,2023-06,18-25
171,CUST171,Female,52,Clothing,3,300.0,900.0,November,11,2023-11,51-64
172,CUST172,Male,32,Beauty,2,25.0,50.0,September,9,2023-09,26-35
173,CUST173,Male,64,Electronics,4,30.0,120.0,November,11,2023-11,51-64
174,CUST174,Female,39,Beauty,1,300.0,300.0,April,4,2023-04,36-50
175,CUST175,Female,31,Electronics,4,25.0,100.0,March,3,2023-03,26-35
176,CUST176,Female,43,Beauty,2,50.0,100.0,July,7,2023-07,36-50
177,CUST177,Male,45,Beauty,2,50.0,100.0,March,3,2023-03,36-50
178,CUST178,Male,40,Clothing,2,30.0,60.0,October,10,2023-10,36-50
179,CUST179,Male,31,Electronics,1,300.0,300.0,September,9,2023-09,26-35
180,CUST180,Male,41,Clothing,3,300.0,900.0,January,1,2023-01,36-50
181,CUST181,Male,19,Electronics,4,300.0,1200.0,November,11,2023-11,18-25
182,CUST182,Male,62,Beauty,4,30.0,120.0,June,6,2023-06,51-64
183,CUST183,Female,43,Beauty,3,300.0,900.0,September,9,2023-09,36-50
184,CUST184,Male,31,Electronics,4,50.0,200.0,January,1,2023-01,26-35
185,CUST185,Male,24,Clothing,1,25.0,25.0,February,2,2023-02,18-25
186,CUST186,Male,20,Clothing,4,50.0,200.0,July,7,2023-07,18-25
187,CUST187,Female,64,Clothing,2,50.0,100.0,June,6,2023-06,51-64
188,CUST188,Male,40,Clothing,3,25.0,75.0,May,5,2023-05,36-50
189,CUST189,Male,63,Beauty,1,50.0,50.0,January,1,2023-01,51-64
190,CUST190,Female,60,Beauty,3,30.0,90.0,May,5,2023-05,51-64
191,CUST191,Male,64,Beauty,1,25.0,25.0,October,10,2023-10,51-64
192,CUST192,Male,62,Beauty,2,50.0,100.0,February,2,2023-02,51-64
193,CUST193,Male,35,Beauty,3,500.0,1500.0,February,2,2023-02,26-35
194,CUST194,Male,55,Clothing,4,50.0,200.0,September,9,2023-09,51-64
195,CUST195,Male,52,Clothing,1,30.0,30.0,February,2,2023-02,51-64
196,CUST196,Female,32,Clothing,3,300.0,900.0,September,9,2023-09,26-35
197,CUST197,Female,42,Clothing,4,50.0,200.0,March,3,2023-03,36-50
198,CUST198,Female,54,Beauty,3,300.0,900.0,March,3,2023-03,51-64
199,CUST199,Male,45,Beauty,3,500.0,1500.0,December,12,2023-12,36-50
200,CUST200,Male,27,Beauty,3,50.0,150.0,September,9,2023-09,26-35
201,CUST201,Male,56,Electronics,1,25.0,25.0,October,10,2023-10,51-64
202,CUST202,Female,34,Clothing,4,300.0,1200.0,March,3,2023-03,26-35
203,CUST203,Male,56,Clothing,2,500.0,1000.0,May,5,2023-05,51-64
204,CUST204,Male,39,Beauty,1,25.0,25.0,September,9,2023-09,36-50
205,CUST205,Female,43,Clothing,1,25.0,25.0,November,11,2023-11,36-50
206,CUST206,Male,61,Clothing,1,25.0,25.0,August,8,2023-08,51-64
207,CUST207,Female,42,Beauty,2,25.0,50.0,April,4,2023-04,36-50
208,CUST208,Female,34,Electronics,4,50.0,200.0,October,10,2023-10,26-35
209,CUST209,Female,30,Electronics,4,50.0,200.0,December,12,2023-12,26-35
210,CUST210,Male,37,Electronics,4,50.0,200.0,April,4,2023-04,36-50
211,CUST211,Male,42,Beauty,3,500.0,1500.0,January,1,2024-01,36-50
212,CUST212,Male,21,Clothing,3,500.0,1500.0,June,6,2023-06,18-25
213,CUST213,Male,27,Beauty,3,500.0,1500.0,July,7,2023-07,26-35
214,CUST214,Male,20,Beauty,2,30.0,60.0,December,12,2023-12,18-25
215,CUST215,Male,58,Clothing,3,500.0,1500.0,November,11,2023-11,51-64
216,CUST216,Male,62,Electronics,2,50.0,100.0,July,7,2023-07,51-64
217,CUST217,Female,35,Electronics,4,50.0,200.0,August,8,2023-08,26-35
218,CUST218,Male,64,Beauty,3,30.0,90.0,September,9,2023-09,51-64
219,CUST219,Female,53,Electronics,3,30.0,90.0,August,8,2023-08,51-64
220,CUST220,Male,64,Beauty,1,500.0,500.0,March,3,2023-03,51-64
221,CUST221,Male,39,Beauty,2,300.0,600.0,May,5,2023-05,36-50
222,CUST222,Male,51,Clothing,4,30.0,120.0,April,4,2023-04,51-64
223,CUST223,Female,64,Clothing,1,25.0,25.0,February,2,2023-02,51-64
224,CUST224,Female,25,Clothing,1,50.0,50.0,June,6,2023-06,18-25
225,CUST225,Female,57,Beauty,4,25.0,100.0,January,1,2023-01,51-64
226,CUST226,Female,61,Clothing,1,50.0,50.0,October,10,2023-10,51-64
227,CUST227,Male,36,Electronics,2,50.0,100.0,October,10,2023-10,36-50
228,CUST228,Female,59,Electronics,2,30.0,60.0,April,4,2023-04,51-64
229,CUST229,Male,58,Beauty,3,30.0,90.0,October,10,2023-10,51-64
230,CUST230,Male,54,Beauty,1,25.0,25.0,April,4,2023-04,51-64
231,CUST231,Female,23,Clothing,3,50.0,150.0,January,1,2023-01,18-25
232,CUST232,Female,43,Beauty,1,25.0,25.0,February,2,2023-02,36-50
233,CUST233,Female,51,Beauty,2,300.0,600.0,December,12,2023-12,51-64
234,CUST234,Female,62,Electronics,2,25.0,50.0,November,11,2023-11,51-64
235,CUST235,Female,23,Electronics,2,500.0,1000.0,January,1,2023-01,18-25
236,CUST236,Female,54,Clothing,1,25.0,25.0,April,4,2023-04,51-64
237,CUST237,Female,50,Beauty,2,500.0,1000.0,February,2,2023-02,36-50
238,CUST238,Female,39,Beauty,1,500.0,500.0,January,1,2023-01,36-50
239,CUST239,Male,38,Electronics,3,500.0,1500.0,June,6,2023-06,36-50
240,CUST240,Female,23,Beauty,1,300.0,300.0,February,2,2023-02,18-25
241,CUST241,Female,23,Electronics,3,25.0,75.0,September,9,2023-09,18-25
242,CUST242,Male,21,Clothing,1,25.0,25.0,May,5,2023-05,18-25
243,CUST243,Female,47,Electronics,3,300.0,900.0,May,5,2023-05,36-50
244,CUST244,Male,28,Beauty,2,50.0,100.0,December,12,2023-12,26-35
245,CUST245,Male,47,Clothing,3,30.0,90.0,September,9,2023-09,36-50
246,CUST246,Female,48,Electronics,2,25.0,50.0,April,4,2023-04,36-50
247,CUST247,Male,41,Electronics,2,30.0,60.0,October,10,2023-10,36-50
248,CUST248,Male,26,Clothing,3,300.0,900.0,March,3,2023-03,26-35
249,CUST249,Male,20,Clothing,1,50.0,50.0,October,10,2023-10,18-25
250,CUST250,Male,48,Electronics,1,50.0,50.0,October,10,2023-10,36-50
251,CUST251,Female,57,Beauty,4,50.0,200.0,August,8,2023-08,51-64
252,CUST252,Male,54,Electronics,1,300.0,300.0,May,5,2023-05,51-64
253,CUST253,Female,53,Clothing,4,500.0,2000.0,August,8,2023-08,51-64
254,CUST254,Male,41,Electronics,1,500.0,500.0,July,7,2023-07,36-50
255,CUST255,Male,48,Clothing,1,30.0,30.0,April,4,2023-04,36-50
256,CUST256,Male,23,Clothing,2,500.0,1000.0,February,2,2023-02,18-25
257,CUST257,Male,19,Beauty,4,500.0,2000.0,February,2,2023-02,18-25
258,CUST258,Female,37,Clothing,1,50.0,50.0,December,12,2023-12,36-50
259,CUST259,Female,45,Clothing,4,50.0,200.0,August,8,2023-08,36-50
260,CUST260,Male,28,Beauty,2,30.0,60.0,July,7,2023-07,26-35
261,CUST261,Male,21,Clothing,2,25.0,50.0,August,8,2023-08,18-25
262,CUST262,Female,32,Beauty,4,30.0,120.0,July,7,2023-07,26-35
263,CUST263,Male,23,Beauty,2,30.0,60.0,August,8,2023-08,18-25
264,CUST264,Male,47,Clothing,3,300.0,900.0,January,1,2023-01,36-50
265,CUST265,Male,55,Clothing,3,300.0,900.0,December,12,2023-12,51-64
266,CUST266,Female,19,Electronics,2,30.0,60.0,December,12,2023-12,18-25
267,CUST267,Female,32,Beauty,3,30.0,90.0,November,11,2023-11,26-35
268,CUST268,Female,28,Electronics,1,30.0,30.0,February,2,2023-02,26-35
269,CUST269,Male,25,Clothing,4,500.0,2000.0,February,2,2023-02,18-25
270,CUST270,Male,43,Electronics,1,300.0,300.0,July,7,2023-07,36-50
271,CUST271,Female,62,Beauty,4,30.0,120.0,June,6,2023-06,51-64
272,CUST272,Female,61,Electronics,2,50.0,100.0,February,2,2023-02,51-64
273,CUST273,Female,22,Beauty,1,50.0,50.0,May,5,2023-05,18-25
274,CUST274,Female,23,Clothing,2,500.0,1000.0,April,4,2023-04,18-25
275,CUST275,Male,43,Clothing,2,500.0,1000.0,April,4,2023-04,36-50
276,CUST276,Female,21,Beauty,4,25.0,100.0,October,10,2023-10,18-25
277,CUST277,Male,36,Clothing,4,25.0,100.0,August,8,2023-08,36-50
278,CUST278,Female,37,Clothing,4,25.0,100.0,March,3,2023-03,36-50
279,CUST279,Male,50,Clothing,1,500.0,500.0,August,8,2023-08,36-50
280,CUST280,Female,37,Clothing,3,500.0,1500.0,April,4,2023-04,36-50
281,CUST281,Female,29,Beauty,4,500.0,2000.0,May,5,2023-05,26-35
282,CUST282,Female,64,Electronics,4,50.0,200.0,August,8,2023-08,51-64
283,CUST283,Female,18,Electronics,1,500.0,500.0,May,5,2023-05,
284,CUST284,Male,43,Clothing,4,50.0,200.0,February,2,2023-02,36-50
285,CUST285,Female,31,Electronics,1,25.0,25.0,August,8,2023-08,26-35
286,CUST286,Male,55,Electronics,2,25.0,50.0,October,10,2023-10,51-64
287,CUST287,Male,54,Clothing,4,25.0,100.0,February,2,2023-02,51-64
288,CUST288,Male,28,Clothing,4,30.0,120.0,January,1,2023-01,26-35
289,CUST289,Male,53,Electronics,2,30.0,60.0,November,11,2023-11,51-64
290,CUST290,Female,30,Beauty,2,300.0,600.0,October,10,2023-10,26-35
291,CUST291,Male,60,Clothing,2,300.0,600.0,January,1,2023-01,51-64
292,CUST292,Male,20,Beauty,4,300.0,1200.0,February,2,2023-02,18-25
293,CUST293,Male,50,Electronics,3,30.0,90.0,May,5,2023-05,36-50
294,CUST294,Female,23,Clothing,3,30.0,90.0,March,3,2023-03,18-25
295,CUST295,Female,27,Beauty,3,300.0,900.0,July,7,2023-07,26-35
296,CUST296,Female,22,Clothing,4,300.0,1200.0,September,9,2023-09,18-25
297,CUST297,Female,40,Electronics,2,500.0,1000.0,September,9,2023-09,36-50
298,CUST298,Male,27,Beauty,4,300.0,1200.0,April,4,2023-04,26-35
299,CUST299,Male,61,Electronics,2,500.0,1000.0,July,7,2023-07,51-64
300,CUST300,Female,19,Electronics,4,50.0,200.0,January,1,2023-01,18-25
301,CUST301,Male,30,Clothing,4,30.0,120.0,March,3,2023-03,26-35
302,CUST302,Male,57,Beauty,2,300.0,600.0,July,7,2023-07,51-64
303,CUST303,Male,19,Electronics,3,30.0,90.0,January,1,2023-01,18-25
304,CUST304,Female,37,Electronics,2,30.0,60.0,July,7,2023-07,36-50
305,CUST305,Female,18,Beauty,1,30.0,30.0,May,5,2023-05,
306,CUST306,Male,54,Electronics,1,50.0,50.0,August,8,2023-08,51-64
307,CUST307,Female,26,Electronics,2,25.0,50.0,May,5,2023-05,26-35
308,CUST308,Female,34,Beauty,4,300.0,1200.0,August,8,2023-08,26-35
309,CUST309,Female,26,Beauty,1,25.0,25.0,December,12,2023-12,26-35
310,CUST310,Female,28,Beauty,1,25.0,25.0,October,10,2023-10,26-35
311,CUST311,Female,32,Beauty,4,25.0,100.0,December,12,2023-12,26-35
312,CUST312,Male,41,Clothing,4,30.0,120.0,September,9,2023-09,36-50
313,CUST313,Female,55,Beauty,3,500.0,1500.0,March,3,2023-03,51-64
314,CUST314,Male,52,Clothing,4,30.0,120.0,April,4,2023-04,51-64
315,CUST315,Male,47,Clothing,2,30.0,60.0,June,6,2023-06,36-50
316,CUST316,Female,48,Clothing,2,25.0,50.0,April,4,2023-04,36-50
317,CUST317,Male,22,Electronics,3,30.0,90.0,January,1,2023-01,18-25
318,CUST318,Male,61,Clothing,1,25.0,25.0,October,10,2023-10,51-64
319,CUST319,Male,31,Clothing,1,500.0,500.0,October,10,2023-10,26-35
320,CUST320,Female,28,Electronics,4,300.0,1200.0,February,2,2023-02,26-35
321,CUST321,Female,26,Electronics,2,25.0,50.0,June,6,2023-06,26-35
322,CUST322,Male,51,Electronics,1,500.0,500.0,January,1,2023-01,51-64
323,CUST323,Female,29,Beauty,3,300.0,900.0,January,1,2023-01,26-35
324,CUST324,Female,52,Electronics,3,50.0,150.0,October,10,2023-10,51-64
325,CUST325,Female,52,Electronics,2,25.0,50.0,September,9,2023-09,51-64
326,CUST326,Female,18,Clothing,3,25.0,75.0,September,9,2023-09,
327,CUST327,Male,57,Electronics,3,50.0,150.0,September,9,2023-09,51-64
328,CUST328,Male,39,Beauty,2,50.0,100.0,March,3,2023-03,36-50
329,CUST329,Female,46,Electronics,4,25.0,100.0,January,1,2023-01,36-50
330,CUST330,Female,25,Beauty,4,50.0,200.0,September,9,2023-09,18-25
331,CUST331,Male,28,Electronics,3,30.0,90.0,February,2,2023-02,26-35
332,CUST332,Male,58,Electronics,4,300.0,1200.0,April,4,2023-04,51-64
333,CUST333,Female,54,Electronics,4,300.0,1200.0,February,2,2023-02,51-64
334,CUST334,Male,31,Electronics,3,300.0,900.0,November,11,2023-11,26-35
335,CUST335,Female,47,Beauty,4,30.0,120.0,February,2,2023-02,36-50
336,CUST336,Female,52,Beauty,3,50.0,150.0,December,12,2023-12,51-64
337,CUST337,Male,38,Clothing,1,500.0,500.0,May,5,2023-05,36-50
338,CUST338,Male,54,Beauty,2,50.0,100.0,July,7,2023-07,51-64
339,CUST339,Female,22,Electronics,2,25.0,50.0,March,3,2023-03,18-25
340,CUST340,Female,36,Clothing,4,300.0,1200.0,October,10,2023-10,36-50
341,CUST341,Male,31,Clothing,4,50.0,200.0,May,5,2023-05,26-35
342,CUST342,Female,43,Clothing,4,500.0,2000.0,October,10,2023-10,36-50
343,CUST343,Male,21,Electronics,2,25.0,50.0,November,11,2023-11,18-25
344,CUST344,Female,42,Beauty,1,30.0,30.0,January,1,2023-01,36-50
345,CUST345,Male,62,Electronics,1,30.0,30.0,November,11,2023-11,51-64
346,CUST346,Male,59,Clothing,2,500.0,1000.0,February,2,2023-02,51-64
347,CUST347,Male,42,Electronics,1,25.0,25.0,August,8,2023-08,36-50
348,CUST348,Female,35,Electronics,2,300.0,600.0,December,12,2023-12,26-35
349,CUST349,Female,57,Beauty,1,50.0,50.0,October,10,2023-10,51-64
350,CUST350,Male,25,Beauty,3,25.0,75.0,October,10,2023-10,18-25
351,CUST351,Female,56,Clothing,3,30.0,90.0,September,9,2023-09,51-64
352,CUST352,Male,57,Electronics,2,500.0,1000.0,June,6,2023-06,51-64
353,CUST353,Male,31,Electronics,1,500.0,500.0,May,5,2023-05,26-35
354,CUST354,Female,49,Beauty,4,50.0,200.0,April,4,2023-04,36-50
355,CUST355,Female,55,Electronics,1,500.0,500.0,December,12,2023-12,51-64
356,CUST356,Male,50,Electronics,3,500.0,1500.0,June,6,2023-06,36-50
357,CUST357,Female,40,Electronics,3,25.0,75.0,May,5,2023-05,36-50
358,CUST358,Female,32,Beauty,1,300.0,300.0,May,5,2023-05,26-35
359,CUST359,Male,50,Clothing,1,50.0,50.0,July,7,2023-07,36-50
360,CUST360,Male,42,Clothing,4,25.0,100.0,March,3,2023-03,36-50
361,CUST361,Female,34,Electronics,4,300.0,1200.0,December,12,2023-12,26-35
362,CUST362,Male,50,Clothing,1,25.0,25.0,November,11,2023-11,36-50
363,CUST363,Male,64,Beauty,1,25.0,25.0,June,6,2023-06,51-64
364,CUST364,Female,19,Beauty,1,500.0,500.0,August,8,2023-08,18-25
365,CUST365,Male,31,Clothing,1,300.0,300.0,June,6,2023-06,26-35
366,CUST366,Male,57,Clothing,2,50.0,100.0,February,2,2023-02,51-64
367,CUST367,Female,57,Electronics,1,50.0,50.0,January,1,2023-01,51-64
368,CUST368,Female,56,Clothing,4,300.0,1200.0,August,8,2023-08,51-64
369,CUST369,Male,23,Electronics,3,500.0,1500.0,November,11,2023-11,18-25
370,CUST370,Male,23,Electronics,2,30.0,60.0,October,10,2023-10,18-25
371,CUST371,Female,20,Beauty,1,25.0,25.0,February,2,2023-02,18-25
372,CUST372,Female,24,Beauty,3,500.0,1500.0,February,2,2023-02,18-25
373,CUST373,Female,25,Beauty,2,300.0,600.0,October,10,2023-10,18-25
374,CUST374,Female,59,Beauty,3,25.0,75.0,April,4,2023-04,51-64
375,CUST375,Male,32,Clothing,1,50.0,50.0,September,9,2023-09,26-35
376,CUST376,Female,64,Beauty,1,30.0,30.0,May,5,2023-05,51-64
377,CUST377,Female,46,Clothing,4,50.0,200.0,March,3,2023-03,36-50
378,CUST378,Male,50,Beauty,1,300.0,300.0,June,6,2023-06,36-50
379,CUST379,Female,47,Clothing,1,25.0,25.0,February,2,2023-02,36-50
380,CUST380,Male,56,Electronics,2,300.0,600.0,May,5,2023-05,51-64
381,CUST381,Female,44,Clothing,4,25.0,100.0,July,7,2023-07,36-50
382,CUST382,Female,53,Clothing,2,500.0,1000.0,May,5,2023-05,51-64
383,CUST383,Female,46,Beauty,3,30.0,90.0,March,3,2023-03,36-50
384,CUST384,Male,55,Clothing,1,500.0,500.0,August,8,2023-08,51-64
385,CUST385,Male,50,Electronics,3,500.0,1500.0,October,10,2023-10,36-50
386,CUST386,Female,54,Electronics,2,300.0,600.0,December,12,2023-12,51-64
387,CUST387,Male,44,Beauty,1,30.0,30.0,June,6,2023-06,36-50
388,CUST388,Male,50,Electronics,1,25.0,25.0,November,11,2023-11,36-50
389,CUST389,Male,21,Clothing,2,25.0,50.0,December,12,2023-12,18-25
390,CUST390,Male,39,Electronics,2,50.0,100.0,September,9,2023-09,36-50
391,CUST391,Male,19,Beauty,2,25.0,50.0,January,1,2023-01,18-25
392,CUST392,Male,27,Clothing,2,300.0,600.0,December,12,2023-12,26-35
393,CUST393,Female,22,Beauty,2,500.0,1000.0,October,10,2023-10,18-25
394,CUST394,Female,27,Clothing,1,500.0,500.0,June,6,2023-06,26-35
395,CUST395,Male,50,Electronics,2,500.0,1000.0,December,12,2023-12,36-50
396,CUST396,Female,55,Beauty,1,30.0,30.0,February,2,2023-02,51-64
397,CUST397,Female,30,Beauty,1,25.0,25.0,March,3,2023-03,26-35
398,CUST398,Female,48,Clothing,2,300.0,600.0,May,5,2023-05,36-50
399,CUST399,Female,64,Beauty,2,30.0,60.0,March,3,2023-03,51-64
400,CUST400,Male,53,Clothing,4,50.0,200.0,February,2,2023-02,51-64
401,CUST401,Female,62,Clothing,1,300.0,300.0,October,10,2023-10,51-64
402,CUST402,Female,41,Clothing,2,300.0,600.0,March,3,2023-03,36-50
403,CUST403,Male,32,Clothing,2,300.0,600.0,May,5,2023-05,26-35
404,CUST404,Male,46,Electronics,2,500.0,1000.0,May,5,2023-05,36-50
405,CUST405,Female,25,Clothing,4,300.0,1200.0,November,11,2023-11,18-25
406,CUST406,Female,22,Beauty,4,25.0,100.0,April,4,2023-04,18-25
407,CUST407,Female,46,Electronics,3,300.0,900.0,June,6,2023-06,36-50
408,CUST408,Female,64,Beauty,1,500.0,500.0,April,4,2023-04,51-64
409,CUST409,Female,21,Electronics,3,300.0,900.0,December,12,2023-12,18-25
410,CUST410,Female,29,Clothing,2,50.0,100.0,November,11,2023-11,26-35
411,CUST411,Male,62,Electronics,4,50.0,200.0,May,5,2023-05,51-64
412,CUST412,Female,19,Electronics,4,500.0,2000.0,September,9,2023-09,18-25
413,CUST413,Female,44,Beauty,3,25.0,75.0,September,9,2023-09,36-50
414,CUST414,Male,48,Beauty,4,25.0,100.0,May,5,2023-05,36-50
415,CUST415,Male,53,Clothing,2,30.0,60.0,January,1,2023-01,51-64
416,CUST416,Male,53,Electronics,4,500.0,2000.0,February,2,2023-02,51-64
417,CUST417,Male,43,Electronics,3,300.0,900.0,November,11,2023-11,36-50
418,CUST418,Female,60,Electronics,2,500.0,1000.0,August,8,2023-08,51-64
419,CUST419,Female,44,Clothing,3,30.0,90.0,May,5,2023-05,36-50
420,CUST420,Female,22,Clothing,4,500.0,2000.0,January,1,2023-01,18-25
421,CUST421,Female,37,Clothing,3,500.0,1500.0,January,1,2023-01,36-50
422,CUST422,Female,28,Clothing,3,30.0,90.0,June,6,2023-06,26-35
423,CUST423,Female,27,Clothing,1,25.0,25.0,March,3,2023-03,26-35
424,CUST424,Male,57,Beauty,4,300.0,1200.0,November,11,2023-11,51-64
425,CUST425,Female,55,Electronics,4,30.0,120.0,May,5,2023-05,51-64
426,CUST426,Male,23,Electronics,3,50.0,150.0,March,3,2023-03,18-25
427,CUST427,Male,25,Electronics,1,25.0,25.0,August,8,2023-08,18-25
428,CUST428,Female,40,Electronics,4,50.0,200.0,October,10,2023-10,36-50
429,CUST429,Male,64,Electronics,2,25.0,50.0,December,12,2023-12,51-64
430,CUST430,Female,43,Electronics,3,300.0,900.0,August,8,2023-08,36-50
431,CUST431,Male,63,Electronics,4,300.0,1200.0,October,10,2023-10,51-64
432,CUST432,Female,60,Electronics,2,500.0,1000.0,January,1,2023-01,51-64
433,CUST433,Male,29,Beauty,4,50.0,200.0,February,2,2023-02,26-35
434,CUST434,Female,43,Electronics,2,25.0,50.0,February,2,2023-02,36-50
435,CUST435,Female,30,Beauty,3,300.0,900.0,December,12,2023-12,26-35
436,CUST436,Female,57,Clothing,4,30.0,120.0,March,3,2023-03,51-64
437,CUST437,Female,35,Electronics,4,300.0,1200.0,October,10,2023-10,26-35
438,CUST438,Female,42,Clothing,1,30.0,30.0,January,1,2023-01,36-50
439,CUST439,Male,50,Clothing,3,25.0,75.0,July,7,2023-07,36-50
440,CUST440,Male,64,Clothing,2,300.0,600.0,October,10,2023-10,51-64
441,CUST441,Male,57,Beauty,4,300.0,1200.0,October,10,2023-10,51-64
442,CUST442,Female,60,Clothing,4,25.0,100.0,March,3,2023-03,51-64
443,CUST443,Male,29,Clothing,2,300.0,600.0,August,8,2023-08,26-35
444,CUST444,Female,61,Clothing,3,30.0,90.0,March,3,2023-03,51-64
445,CUST445,Female,53,Electronics,1,300.0,300.0,January,1,2023-01,51-64
446,CUST446,Male,21,Electronics,1,50.0,50.0,June,6,2023-06,18-25
447,CUST447,Male,22,Beauty,4,500.0,2000.0,July,7,2023-07,18-25
448,CUST448,Female,54,Beauty,2,30.0,60.0,January,1,2023-01,51-64
449,CUST449,Male,25,Electronics,4,50.0,200.0,July,7,2023-07,18-25
450,CUST450,Female,59,Beauty,2,25.0,50.0,April,4,2023-04,51-64
451,CUST451,Female,45,Electronics,1,30.0,30.0,December,12,2023-12,36-50
452,CUST452,Female,48,Clothing,3,500.0,1500.0,May,5,2023-05,36-50
453,CUST453,Female,26,Clothing,2,500.0,1000.0,December,12,2023-12,26-35
454,CUST454,Female,46,Beauty,1,25.0,25.0,February,2,2023-02,36-50
455,CUST455,Male,31,Electronics,4,25.0,100.0,July,7,2023-07,26-35
456,CUST456,Male,57,Electronics,2,30.0,60.0,October,10,2023-10,51-64
457,CUST457,Female,58,Beauty,3,300.0,900.0,July,7,2023-07,51-64
458,CUST458,Female,39,Electronics,4,25.0,100.0,November,11,2023-11,36-50
459,CUST459,Male,28,Clothing,4,300.0,1200.0,March,3,2023-03,26-35
460,CUST460,Male,40,Beauty,1,50.0,50.0,May,5,2023-05,36-50
461,CUST461,Female,18,Beauty,2,500.0,1000.0,March,3,2023-03,
462,CUST462,Male,63,Electronics,4,300.0,1200.0,April,4,2023-04,51-64
463,CUST463,Female,54,Beauty,3,500.0,1500.0,July,7,2023-07,51-64
464,CUST464,Male,38,Electronics,2,300.0,600.0,January,1,2023-01,36-50
465,CUST465,Female,43,Electronics,3,50.0,150.0,April,4,2023-04,36-50
466,CUST466,Male,63,Electronics,4,25.0,100.0,June,6,2023-06,51-64
467,CUST467,Female,53,Electronics,3,50.0,150.0,July,7,2023-07,51-64
468,CUST468,Male,40,Electronics,1,25.0,25.0,December,12,2023-12,36-50
469,CUST469,Male,18,Beauty,3,25.0,75.0,May,5,2023-05,
470,CUST470,Female,57,Clothing,2,500.0,1000.0,May,5,2023-05,51-64
471,CUST471,Male,32,Clothing,3,50.0,150.0,March,3,2023-03,26-35
472,CUST472,Female,38,Beauty,3,300.0,900.0,December,12,2023-12,36-50
473,CUST473,Male,64,Beauty,1,50.0,50.0,February,2,2023-02,51-64
474,CUST474,Female,26,Clothing,3,500.0,1500.0,July,7,2023-07,26-35
475,CUST475,Male,26,Clothing,3,25.0,75.0,January,1,2023-01,26-35
476,CUST476,Female,27,Clothing,4,500.0,2000.0,August,8,2023-08,26-35
477,CUST477,Male,43,Clothing,4,30.0,120.0,April,4,2023-04,36-50
478,CUST478,Female,58,Clothing,2,30.0,60.0,April,4,2023-04,51-64
479,CUST479,Male,52,Electronics,4,300.0,1200.0,August,8,2023-08,51-64
480,CUST480,Female,42,Beauty,4,500.0,2000.0,June,6,2023-06,36-50
481,CUST481,Female,43,Electronics,4,300.0,1200.0,June,6,2023-06,36-50
482,CUST482,Female,28,Clothing,4,300.0,1200.0,April,4,2023-04,26-35
483,CUST483,Male,55,Clothing,1,30.0,30.0,April,4,2023-04,51-64
484,CUST484,Female,19,Clothing,4,300.0,1200.0,January,1,2023-01,18-25
485,CUST485,Male,24,Electronics,1,30.0,30.0,December,12,2023-12,18-25
486,CUST486,Female,35,Electronics,1,25.0,25.0,April,4,2023-04,26-35
487,CUST487,Male,44,Clothing,4,500.0,2000.0,July,7,2023-07,36-50
488,CUST488,Female,51,Electronics,3,300.0,900.0,June,6,2023-06,51-64
489,CUST489,Male,44,Electronics,1,30.0,30.0,May,5,2023-05,36-50
490,CUST490,Male,34,Clothing,3,50.0,150.0,February,2,2023-02,26-35
491,CUST491,Female,60,Electronics,3,300.0,900.0,May,5,2023-05,51-64
492,CUST492,Male,61,Beauty,4,25.0,100.0,June,6,2023-06,51-64
493,CUST493,Male,41,Beauty,2,25.0,50.0,November,11,2023-11,36-50
494,CUST494,Female,42,Beauty,4,50.0,200.0,September,9,2023-09,36-50
495,CUST495,Male,24,Beauty,2,30.0,60.0,July,7,2023-07,18-25
496,CUST496,Male,23,Clothing,2,300.0,600.0,December,12,2023-12,18-25
497,CUST497,Male,41,Clothing,4,30.0,120.0,October,10,2023-10,36-50
498,CUST498,Female,50,Clothing,4,25.0,100.0,June,6,2023-06,36-50
499,CUST499,Male,46,Beauty,2,30.0,60.0,January,1,2023-01,36-50
500,CUST500,Female,60,Beauty,4,25.0,100.0,March,3,2023-03,51-64
501,CUST501,Male,39,Electronics,2,30.0,60.0,May,5,2023-05,36-50
502,CUST502,Male,43,Electronics,3,50.0,150.0,April,4,2023-04,36-50
503,CUST503,Male,45,Beauty,4,500.0,2000.0,October,10,2023-10,36-50
504,CUST504,Female,38,Beauty,3,50.0,150.0,May,5,2023-05,36-50
505,CUST505,Male,24,Beauty,1,50.0,50.0,January,1,2023-01,18-25
506,CUST506,Male,34,Beauty,3,500.0,1500.0,February,2,2023-02,26-35
507,CUST507,Female,37,Electronics,3,500.0,1500.0,November,11,2023-11,36-50
508,CUST508,Male,58,Beauty,2,300.0,600.0,August,8,2023-08,51-64
509,CUST509,Female,37,Electronics,3,300.0,900.0,June,6,2023-06,36-50
510,CUST510,Female,39,Beauty,4,50.0,200.0,June,6,2023-06,36-50
511,CUST511,Male,45,Beauty,2,50.0,100.0,August,8,2023-08,36-50
512,CUST512,Female,57,Beauty,1,25.0,25.0,November,11,2023-11,51-64
513,CUST513,Male,24,Electronics,4,25.0,100.0,September,9,2023-09,18-25
514,CUST514,Female,18,Electronics,1,300.0,300.0,March,3,2023-03,
515,CUST515,Female,49,Clothing,3,300.0,900.0,July,7,2023-07,36-50
516,CUST516,Male,30,Beauty,4,25.0,100.0,October,10,2023-10,26-35
517,CUST517,Female,47,Clothing,4,25.0,100.0,April,4,2023-04,36-50
518,CUST518,Female,40,Clothing,1,30.0,30.0,May,5,2023-05,36-50
519,CUST519,Female,36,Electronics,4,30.0,120.0,January,1,2023-01,36-50
520,CUST520,Female,49,Electronics,4,25.0,100.0,December,12,2023-12,36-50
521,CUST521,Female,47,Clothing,4,30.0,120.0,August,8,2023-08,36-50
522,CUST522,Male,46,Beauty,3,500.0,1500.0,January,1,2023-01,36-50
523,CUST523,Female,62,Electronics,1,300.0,300.0,September,9,2023-09,51-64
524,CUST524,Male,46,Beauty,4,300.0,1200.0,October,10,2023-10,36-50
525,CUST525,Female,47,Beauty,2,25.0,50.0,December,12,2023-12,36-50
526,CUST526,Male,33,Clothing,2,50.0,100.0,December,12,2023-12,26-35
527,CUST527,Male,57,Clothing,2,25.0,50.0,April,4,2023-04,51-64
528,CUST528,Female,36,Clothing,2,30.0,60.0,July,7,2023-07,36-50
529,CUST529,Female,35,Clothing,3,50.0,150.0,August,8,2023-08,26-35
530,CUST530,Female,18,Electronics,4,30.0,120.0,February,2,2023-02,
531,CUST531,Male,31,Electronics,1,500.0,500.0,December,12,2023-12,26-35
532,CUST532,Female,64,Clothing,4,30.0,120.0,June,6,2023-06,51-64
533,CUST533,Male,19,Electronics,3,500.0,1500.0,November,11,2023-11,18-25
534,CUST534,Male,45,Clothing,2,500.0,1000.0,June,6,2023-06,36-50
535,CUST535,Male,47,Beauty,3,30.0,90.0,December,12,2023-12,36-50
536,CUST536,Female,55,Beauty,4,30.0,120.0,March,3,2023-03,51-64
537,CUST537,Female,21,Beauty,1,500.0,500.0,June,6,2023-06,18-25
538,CUST538,Male,18,Clothing,3,50.0,150.0,September,9,2023-09,
539,CUST539,Male,25,Beauty,1,500.0,500.0,June,6,2023-06,18-25
540,CUST540,Female,46,Electronics,3,300.0,900.0,December,12,2023-12,36-50
541,CUST541,Male,56,Beauty,1,500.0,500.0,July,7,2023-07,51-64
542,CUST542,Female,20,Beauty,1,50.0,50.0,June,6,2023-06,18-25
543,CUST543,Male,49,Beauty,2,300.0,600.0,July,7,2023-07,36-50
544,CUST544,Female,27,Electronics,1,25.0,25.0,December,12,2023-12,26-35
545,CUST545,Male,27,Clothing,2,25.0,50.0,June,6,2023-06,26-35
546,CUST546,Female,36,Electronics,4,50.0,200.0,October,10,2023-10,36-50
547,CUST547,Male,63,Clothing,4,500.0,2000.0,March,3,2023-03,51-64
548,CUST548,Female,51,Clothing,2,30.0,60.0,April,4,2023-04,51-64
549,CUST549,Female,50,Beauty,2,50.0,100.0,August,8,2023-08,36-50
550,CUST550,Male,40,Clothing,3,300.0,900.0,December,12,2023-12,36-50
551,CUST551,Male,45,Electronics,3,300.0,900.0,July,7,2023-07,36-50
552,CUST552,Female,49,Electronics,3,25.0,75.0,December,12,2023-12,36-50
553,CUST553,Male,24,Clothing,4,300.0,1200.0,March,3,2023-03,18-25
554,CUST554,Female,46,Beauty,3,50.0,150.0,November,11,2023-11,36-50
555,CUST555,Male,25,Beauty,1,300.0,300.0,October,10,2023-10,18-25
556,CUST556,Female,18,Electronics,1,50.0,50.0,June,6,2023-06,
557,CUST557,Female,20,Beauty,3,30.0,90.0,July,7,2023-07,18-25
558,CUST558,Female,41,Clothing,1,25.0,25.0,October,10,2023-10,36-50
559,CUST559,Female,40,Clothing,4,300.0,1200.0,January,1,2023-01,36-50
560,CUST560,Female,25,Electronics,1,50.0,50.0,June,6,2023-06,18-25
561,CUST561,Female,64,Clothing,4,500.0,2000.0,May,5,2023-05,51-64
562,CUST562,Male,54,Electronics,2,25.0,50.0,April,4,2023-04,51-64
563,CUST563,Male,20,Clothing,2,30.0,60.0,August,8,2023-08,18-25
564,CUST564,Male,50,Electronics,2,50.0,100.0,October,10,2023-10,36-50
565,CUST565,Female,45,Beauty,2,30.0,60.0,November,11,2023-11,36-50
566,CUST566,Female,64,Clothing,1,30.0,30.0,December,12,2023-12,51-64
567,CUST567,Female,25,Clothing,3,300.0,900.0,June,6,2023-06,18-25
568,CUST568,Female,51,Electronics,1,300.0,300.0,August,8,2023-08,51-64
569,CUST569,Male,52,Electronics,4,50.0,200.0,August,8,2023-08,51-64
570,CUST570,Male,49,Clothing,1,500.0,500.0,August,8,2023-08,36-50
571,CUST571,Female,41,Electronics,1,50.0,50.0,December,12,2023-12,36-50
572,CUST572,Male,31,Clothing,4,500.0,2000.0,April,4,2023-04,26-35
573,CUST573,Male,49,Beauty,2,30.0,60.0,September,9,2023-09,36-50
574,CUST574,Female,63,Electronics,2,25.0,50.0,August,8,2023-08,51-64
575,CUST575,Male,60,Clothing,2,50.0,100.0,March,3,2023-03,51-64
576,CUST576,Female,33,Beauty,3,50.0,150.0,December,12,2023-12,26-35
577,CUST577,Male,21,Beauty,4,500.0,2000.0,February,2,2023-02,18-25
578,CUST578,Female,54,Clothing,4,30.0,120.0,May,5,2023-05,51-64
579,CUST579,Female,38,Electronics,1,30.0,30.0,September,9,2023-09,36-50
580,CUST580,Female,31,Clothing,3,500.0,1500.0,December,12,2023-12,26-35
581,CUST581,Female,48,Beauty,2,30.0,60.0,November,11,2023-11,36-50
582,CUST582,Male,35,Clothing,3,300.0,900.0,November,11,2023-11,26-35
583,CUST583,Female,24,Electronics,4,25.0,100.0,June,6,2023-06,18-25
584,CUST584,Female,27,Beauty,4,50.0,200.0,February,2,2023-02,26-35
585,CUST585,Female,24,Clothing,1,25.0,25.0,May,5,2023-05,18-25
586,CUST586,Male,50,Electronics,1,50.0,50.0,December,12,2023-12,36-50
587,CUST587,Female,40,Beauty,4,300.0,1200.0,June,6,2023-06,36-50
588,CUST588,Male,38,Electronics,2,30.0,60.0,April,4,2023-04,36-50
589,CUST589,Female,36,Beauty,2,500.0,1000.0,April,4,2023-04,36-50
590,CUST590,Male,36,Clothing,3,300.0,900.0,March,3,2023-03,36-50
591,CUST591,Male,53,Electronics,4,25.0,100.0,January,1,2023-01,51-64
592,CUST592,Female,46,Beauty,4,500.0,2000.0,January,1,2023-01,36-50
593,CUST593,Male,35,Electronics,2,30.0,60.0,May,5,2023-05,26-35
594,CUST594,Female,19,Electronics,2,300.0,600.0,September,9,2023-09,18-25
595,CUST595,Female,18,Clothing,4,500.0,2000.0,November,11,2023-11,
596,CUST596,Female,64,Electronics,1,300.0,300.0,February,2,2023-02,51-64
597,CUST597,Male,22,Beauty,4,300.0,1200.0,August,8,2023-08,18-25
598,CUST598,Male,37,Beauty,4,30.0,120.0,August,8,2023-08,36-50
599,CUST599,Female,28,Beauty,2,50.0,100.0,November,11,2023-11,26-35
600,CUST600,Female,59,Beauty,2,500.0,1000.0,October,10,2023-10,51-64
601,CUST601,Male,19,Clothing,1,30.0,30.0,April,4,2023-04,18-25
602,CUST602,Female,20,Electronics,1,300.0,300.0,December,12,2023-12,18-25
603,CUST603,Female,40,Clothing,3,30.0,90.0,July,7,2023-07,36-50
604,CUST604,Female,29,Electronics,4,50.0,200.0,September,9,2023-09,26-35
605,CUST605,Male,37,Electronics,2,500.0,1000.0,July,7,2023-07,36-50
606,CUST606,Male,22,Electronics,1,50.0,50.0,May,5,2023-05,18-25
607,CUST607,Male,54,Clothing,3,25.0,75.0,March,3,2023-03,51-64
608,CUST608,Female,55,Electronics,3,500.0,1500.0,December,12,2023-12,51-64
609,CUST609,Female,47,Clothing,2,50.0,100.0,December,12,2023-12,36-50
610,CUST610,Female,26,Beauty,2,300.0,600.0,January,1,2023-01,26-35
611,CUST611,Male,51,Beauty,3,500.0,1500.0,February,2,2023-02,51-64
612,CUST612,Female,61,Electronics,1,500.0,500.0,August,8,2023-08,51-64
613,CUST613,Female,52,Clothing,3,30.0,90.0,April,4,2023-04,51-64
614,CUST614,Female,39,Beauty,4,300.0,1200.0,April,4,2023-04,36-50
615,CUST615,Female,61,Clothing,4,25.0,100.0,December,12,2023-12,51-64
616,CUST616,Male,41,Clothing,2,50.0,100.0,September,9,2023-09,36-50
617,CUST617,Male,34,Electronics,1,30.0,30.0,August,8,2023-08,26-35
618,CUST618,Female,27,Beauty,1,50.0,50.0,January,1,2023-01,26-35
619,CUST619,Male,47,Electronics,4,25.0,100.0,October,10,2023-10,36-50
620,CUST620,Male,63,Electronics,3,25.0,75.0,May,5,2023-05,51-64
621,CUST621,Female,40,Beauty,2,500.0,1000.0,March,3,2023-03,36-50
622,CUST622,Female,49,Beauty,3,25.0,75.0,August,8,2023-08,36-50
623,CUST623,Male,34,Clothing,3,50.0,150.0,March,3,2023-03,26-35
624,CUST624,Female,34,Beauty,3,300.0,900.0,August,8,2023-08,26-35
625,CUST625,Male,31,Clothing,1,300.0,300.0,December,12,2023-12,26-35
626,CUST626,Female,26,Clothing,4,500.0,2000.0,September,9,2023-09,26-35
627,CUST627,Male,57,Clothing,1,50.0,50.0,October,10,2023-10,51-64
628,CUST628,Female,19,Beauty,4,50.0,200.0,November,11,2023-11,18-25
629,CUST629,Male,62,Electronics,2,25.0,50.0,June,6,2023-06,51-64
630,CUST630,Male,42,Clothing,2,50.0,100.0,August,8,2023-08,36-50
631,CUST631,Male,56,Electronics,3,30.0,90.0,November,11,2023-11,51-64
632,CUST632,Female,26,Electronics,4,25.0,100.0,September,9,2023-09,26-35
633,CUST633,Male,39,Beauty,4,30.0,120.0,August,8,2023-08,36-50
634,CUST634,Male,60,Electronics,4,500.0,2000.0,October,10,2023-10,51-64
635,CUST635,Female,63,Electronics,3,300.0,900.0,August,8,2023-08,51-64
636,CUST636,Female,21,Beauty,3,500.0,1500.0,March,3,2023-03,18-25
637,CUST637,Male,43,Clothing,2,300.0,600.0,September,9,2023-09,36-50
638,CUST638,Male,46,Electronics,1,500.0,500.0,August,8,2023-08,36-50
639,CUST639,Female,62,Beauty,4,50.0,200.0,May,5,2023-05,51-64
640,CUST640,Female,51,Electronics,4,30.0,120.0,May,5,2023-05,51-64
641,CUST641,Female,40,Electronics,1,300.0,300.0,November,11,2023-11,36-50
642,CUST642,Female,54,Clothing,4,25.0,100.0,May,5,2023-05,51-64
643,CUST643,Female,28,Electronics,3,30.0,90.0,September,9,2023-09,26-35
644,CUST644,Male,23,Beauty,3,25.0,75.0,September,9,2023-09,18-25
645,CUST645,Female,35,Electronics,4,30.0,120.0,November,11,2023-11,26-35
646,CUST646,Male,38,Clothing,3,30.0,90.0,May,5,2023-05,36-50
647,CUST647,Male,59,Clothing,3,500.0,1500.0,May,5,2023-05,51-64
648,CUST648,Male,53,Beauty,4,300.0,1200.0,August,8,2023-08,51-64
649,CUST649,Female,58,Clothing,2,300.0,600.0,February,2,2023-02,51-64
650,CUST650,Male,55,Electronics,1,30.0,30.0,January,1,2024-01,51-64
651,CUST651,Male,51,Clothing,3,50.0,150.0,May,5,2023-05,51-64
652,CUST652,Female,34,Beauty,2,50.0,100.0,May,5,2023-05,26-35
653,CUST653,Male,54,Clothing,3,25.0,75.0,May,5,2023-05,51-64
654,CUST654,Male,42,Clothing,3,25.0,75.0,June,6,2023-06,36-50
655,CUST655,Female,55,Clothing,1,500.0,500.0,June,6,2023-06,51-64
656,CUST656,Male,29,Beauty,3,30.0,90.0,October,10,2023-10,26-35
657,CUST657,Male,40,Clothing,1,25.0,25.0,February,2,2023-02,36-50
658,CUST658,Male,59,Clothing,1,25.0,25.0,March,3,2023-03,51-64
659,CUST659,Female,39,Electronics,1,30.0,30.0,March,3,2023-03,36-50
660,CUST660,Female,38,Beauty,2,500.0,1000.0,April,4,2023-04,36-50
661,CUST661,Female,44,Clothing,4,25.0,100.0,July,7,2023-07,36-50
662,CUST662,Male,48,Beauty,2,500.0,1000.0,December,12,2023-12,36-50
663,CUST663,Male,23,Clothing,4,300.0,1200.0,March,3,2023-03,18-25
664,CUST664,Female,44,Clothing,4,500.0,2000.0,December,12,2023-12,36-50
665,CUST665,Male,57,Clothing,1,50.0,50.0,April,4,2023-04,51-64
666,CUST666,Male,51,Electronics,3,50.0,150.0,February,2,2023-02,51-64
667,CUST667,Female,29,Electronics,1,500.0,500.0,August,8,2023-08,26-35
668,CUST668,Female,62,Electronics,3,50.0,150.0,July,7,2023-07,51-64
669,CUST669,Male,24,Beauty,4,300.0,1200.0,June,6,2023-06,18-25
670,CUST670,Male,27,Beauty,1,30.0,30.0,October,10,2023-10,26-35
671,CUST671,Male,62,Electronics,3,50.0,150.0,August,8,2023-08,51-64
672,CUST672,Female,34,Beauty,2,50.0,100.0,August,8,2023-08,26-35
673,CUST673,Female,43,Clothing,3,500.0,1500.0,February,2,2023-02,36-50
674,CUST674,Female,38,Clothing,1,300.0,300.0,April,4,2023-04,36-50
675,CUST675,Female,45,Clothing,2,30.0,60.0,August,8,2023-08,36-50
676,CUST676,Male,63,Electronics,3,500.0,1500.0,July,7,2023-07,51-64
677,CUST677,Female,19,Beauty,3,500.0,1500.0,October,10,2023-10,18-25
678,CUST678,Female,60,Electronics,3,300.0,900.0,December,12,2023-12,51-64
679,CUST679,Female,18,Beauty,3,30.0,90.0,January,1,2023-01,
680,CUST680,Female,53,Clothing,3,300.0,900.0,October,10,2023-10,51-64
681,CUST681,Female,43,Electronics,2,30.0,60.0,July,7,2023-07,36-50
682,CUST682,Male,46,Beauty,4,300.0,1200.0,September,9,2023-09,36-50
683,CUST683,Male,38,Beauty,2,500.0,1000.0,January,1,2023-01,36-50
684,CUST684,Female,28,Clothing,2,500.0,1000.0,June,6,2023-06,26-35
685,CUST685,Male,57,Electronics,2,25.0,50.0,June,6,2023-06,51-64
686,CUST686,Female,28,Electronics,4,50.0,200.0,July,7,2023-07,26-35
687,CUST687,Female,53,Electronics,1,300.0,300.0,August,8,2023-08,51-64
688,CUST688,Male,56,Clothing,4,25.0,100.0,October,10,2023-10,51-64
689,CUST689,Male,57,Electronics,2,50.0,100.0,October,10,2023-10,51-64
690,CUST690,Female,52,Clothing,3,300.0,900.0,November,11,2023-11,51-64
691,CUST691,Female,51,Clothing,3,30.0,90.0,April,4,2023-04,51-64
692,CUST692,Female,64,Clothing,2,50.0,100.0,September,9,2023-09,51-64
693,CUST693,Male,41,Beauty,3,500.0,1500.0,April,4,2023-04,36-50
694,CUST694,Female,39,Electronics,2,25.0,50.0,May,5,2023-05,36-50
695,CUST695,Female,22,Electronics,3,50.0,150.0,August,8,2023-08,18-25
696,CUST696,Female,50,Clothing,4,50.0,200.0,September,9,2023-09,36-50
697,CUST697,Male,53,Clothing,1,500.0,500.0,January,1,2023-01,51-64
698,CUST698,Female,64,Electronics,1,300.0,300.0,July,7,2023-07,51-64
699,CUST699,Female,37,Clothing,4,30.0,120.0,June,6,2023-06,36-50
700,CUST700,Male,36,Electronics,4,500.0,2000.0,December,12,2023-12,36-50
701,CUST701,Female,52,Beauty,2,30.0,60.0,December,12,2023-12,51-64
702,CUST702,Female,60,Clothing,2,300.0,600.0,July,7,2023-07,51-64
703,CUST703,Male,34,Electronics,2,50.0,100.0,March,3,2023-03,26-35
704,CUST704,Female,62,Clothing,3,30.0,90.0,August,8,2023-08,51-64
705,CUST705,Male,60,Electronics,2,25.0,50.0,March,3,2023-03,51-64
706,CUST706,Male,51,Electronics,4,25.0,100.0,November,11,2023-11,51-64
707,CUST707,Female,26,Clothing,1,500.0,500.0,October,10,2023-10,26-35
708,CUST708,Female,43,Beauty,3,300.0,900.0,January,1,2023-01,36-50
709,CUST709,Female,19,Electronics,2,500.0,1000.0,July,7,2023-07,18-25
710,CUST710,Female,26,Electronics,3,500.0,1500.0,October,10,2023-10,26-35
711,CUST711,Male,26,Electronics,3,500.0,1500.0,October,10,2023-10,26-35
712,CUST712,Female,57,Beauty,2,25.0,50.0,December,12,2023-12,51-64
713,CUST713,Male,34,Beauty,3,25.0,75.0,January,1,2023-01,26-35
714,CUST714,Female,18,Clothing,1,500.0,500.0,February,2,2023-02,
715,CUST715,Female,42,Beauty,4,25.0,100.0,November,11,2023-11,36-50
716,CUST716,Female,60,Clothing,4,300.0,1200.0,August,8,2023-08,51-64
717,CUST717,Male,57,Clothing,1,500.0,500.0,March,3,2023-03,51-64
718,CUST718,Female,59,Beauty,3,25.0,75.0,August,8,2023-08,51-64
719,CUST719,Female,42,Clothing,2,30.0,60.0,April,4,2023-04,36-50
720,CUST720,Female,56,Beauty,3,500.0,1500.0,January,1,2023-01,51-64
721,CUST721,Female,52,Clothing,1,500.0,500.0,May,5,2023-05,51-64
722,CUST722,Male,20,Beauty,3,300.0,900.0,July,7,2023-07,18-25
723,CUST723,Female,54,Beauty,4,50.0,200.0,June,6,2023-06,51-64
724,CUST724,Male,61,Clothing,3,50.0,150.0,April,4,2023-04,51-64
725,CUST725,Male,61,Electronics,1,300.0,300.0,August,8,2023-08,51-64
726,CUST726,Male,47,Clothing,4,300.0,1200.0,June,6,2023-06,36-50
727,CUST727,Male,55,Beauty,3,300.0,900.0,June,6,2023-06,51-64
728,CUST728,Male,51,Electronics,3,50.0,150.0,July,7,2023-07,51-64
729,CUST729,Male,29,Clothing,4,300.0,1200.0,May,5,2023-05,26-35
730,CUST730,Female,36,Clothing,2,25.0,50.0,August,8,2023-08,36-50
731,CUST731,Male,54,Clothing,4,500.0,2000.0,May,5,2023-05,51-64
732,CUST732,Male,61,Electronics,2,500.0,1000.0,February,2,2023-02,51-64
733,CUST733,Male,34,Beauty,1,30.0,30.0,August,8,2023-08,26-35
734,CUST734,Female,27,Clothing,1,30.0,30.0,January,1,2023-01,26-35
735,CUST735,Female,64,Clothing,4,500.0,2000.0,October,10,2023-10,51-64
736,CUST736,Male,29,Clothing,4,25.0,100.0,January,1,2023-01,26-35
737,CUST737,Female,33,Clothing,1,50.0,50.0,June,6,2023-06,26-35
738,CUST738,Male,41,Clothing,2,50.0,100.0,April,4,2023-04,36-50
739,CUST739,Male,36,Beauty,1,25.0,25.0,November,11,2023-11,36-50
740,CUST740,Female,25,Beauty,4,50.0,200.0,February,2,2023-02,18-25
741,CUST741,Male,48,Clothing,1,300.0,300.0,November,11,2023-11,36-50
742,CUST742,Female,38,Electronics,4,500.0,2000.0,January,1,2023-01,36-50
743,CUST743,Female,34,Beauty,4,500.0,2000.0,January,1,2023-01,26-35
744,CUST744,Male,40,Electronics,1,25.0,25.0,May,5,2023-05,36-50
745,CUST745,Male,54,Beauty,2,50.0,100.0,April,4,2023-04,51-64
746,CUST746,Female,33,Clothing,3,30.0,90.0,January,1,2023-01,26-35
747,CUST747,Male,23,Beauty,1,30.0,30.0,November,11,2023-11,18-25
748,CUST748,Male,25,Clothing,3,50.0,150.0,March,3,2023-03,18-25
749,CUST749,Male,42,Beauty,1,30.0,30.0,May,5,2023-05,36-50
750,CUST750,Female,35,Clothing,3,25.0,75.0,March,3,2023-03,26-35
751,CUST751,Female,42,Clothing,2,25.0,50.0,August,8,2023-08,36-50
752,CUST752,Male,29,Clothing,2,50.0,100.0,December,12,2023-12,26-35
753,CUST753,Female,32,Clothing,1,30.0,30.0,February,2,2023-02,26-35
754,CUST754,Female,43,Electronics,4,25.0,100.0,October,10,2023-10,36-50
755,CUST755,Female,58,Clothing,3,25.0,75.0,April,4,2023-04,51-64
756,CUST756,Female,62,Electronics,4,300.0,1200.0,August,8,2023-08,51-64
757,CUST757,Female,43,Electronics,4,300.0,1200.0,December,12,2023-12,36-50
758,CUST758,Male,64,Clothing,4,25.0,100.0,May,5,2023-05,51-64
759,CUST759,Male,49,Electronics,2,50.0,100.0,July,7,2023-07,36-50
760,CUST760,Male,27,Beauty,1,500.0,500.0,March,3,2023-03,26-35
761,CUST761,Female,33,Clothing,1,500.0,500.0,November,11,2023-11,26-35
762,CUST762,Female,24,Electronics,2,25.0,50.0,November,11,2023-11,18-25
763,CUST763,Male,34,Clothing,2,25.0,50.0,February,2,2023-02,26-35
764,CUST764,Female,40,Clothing,1,25.0,25.0,March,3,2023-03,36-50
765,CUST765,Male,43,Clothing,4,50.0,200.0,June,6,2023-06,36-50
766,CUST766,Male,38,Electronics,3,300.0,900.0,February,2,2023-02,36-50
767,CUST767,Male,39,Beauty,3,25.0,75.0,October,10,2023-10,36-50
768,CUST768,Female,24,Beauty,3,25.0,75.0,January,1,2023-01,18-25
769,CUST769,Female,31,Electronics,4,30.0,120.0,June,6,2023-06,26-35
770,CUST770,Male,32,Clothing,1,50.0,50.0,October,10,2023-10,26-35
771,CUST771,Male,24,Electronics,2,25.0,50.0,December,12,2023-12,18-25
772,CUST772,Male,26,Electronics,1,30.0,30.0,July,7,2023-07,26-35
773,CUST773,Male,25,Electronics,4,500.0,2000.0,July,7,2023-07,18-25
774,CUST774,Female,40,Clothing,2,25.0,50.0,April,4,2023-04,36-50
775,CUST775,Female,46,Electronics,4,25.0,100.0,February,2,2023-02,36-50
776,CUST776,Male,35,Clothing,3,30.0,90.0,October,10,2023-10,26-35
777,CUST777,Male,48,Electronics,3,50.0,150.0,December,12,2023-12,36-50
778,CUST778,Female,47,Beauty,4,25.0,100.0,November,11,2023-11,36-50
779,CUST779,Female,56,Electronics,2,500.0,1000.0,May,5,2023-05,51-64
780,CUST780,Male,52,Electronics,2,25.0,50.0,February,2,2023-02,51-64
781,CUST781,Male,35,Beauty,1,500.0,500.0,December,12,2023-12,26-35
782,CUST782,Male,59,Clothing,3,300.0,900.0,June,6,2023-06,51-64
783,CUST783,Female,56,Clothing,1,300.0,300.0,December,12,2023-12,51-64
784,CUST784,Female,34,Electronics,1,500.0,500.0,November,11,2023-11,26-35
785,CUST785,Female,31,Beauty,4,50.0,200.0,March,3,2023-03,26-35
786,CUST786,Male,48,Clothing,4,25.0,100.0,October,10,2023-10,36-50
787,CUST787,Male,41,Electronics,1,25.0,25.0,January,1,2023-01,36-50
788,CUST788,Female,52,Beauty,3,300.0,900.0,June,6,2023-06,51-64
789,CUST789,Female,61,Clothing,4,500.0,2000.0,September,9,2023-09,51-64
790,CUST790,Male,62,Clothing,1,25.0,25.0,August,8,2023-08,51-64
791,CUST791,Female,51,Beauty,1,25.0,25.0,December,12,2023-12,51-64
792,CUST792,Female,20,Beauty,1,50.0,50.0,July,7,2023-07,18-25
793,CUST793,Male,54,Beauty,1,30.0,30.0,February,2,2023-02,51-64
794,CUST794,Female,60,Beauty,1,300.0,300.0,September,9,2023-09,51-64
795,CUST795,Male,57,Electronics,1,300.0,300.0,November,11,2023-11,51-64
796,CUST796,Male,43,Beauty,4,30.0,120.0,June,6,2023-06,36-50
797,CUST797,Male,40,Clothing,3,25.0,75.0,January,1,2023-01,36-50
798,CUST798,Male,61,Clothing,1,50.0,50.0,August,8,2023-08,51-64
799,CUST799,Male,56,Electronics,2,50.0,100.0,September,9,2023-09,51-64
800,CUST800,Male,32,Clothing,4,300.0,1200.0,February,2,2023-02,26-35
801,CUST801,Male,21,Clothing,4,50.0,200.0,August,8,2023-08,18-25
802,CUST802,Female,46,Beauty,1,30.0,30.0,July,7,2023-07,36-50
803,CUST803,Male,39,Clothing,4,25.0,100.0,November,11,2023-11,36-50
804,CUST804,Male,42,Electronics,1,30.0,30.0,August,8,2023-08,36-50
805,CUST805,Female,30,Beauty,3,500.0,1500.0,December,12,2023-12,26-35
806,CUST806,Female,35,Beauty,3,300.0,900.0,March,3,2023-03,26-35
807,CUST807,Female,50,Electronics,4,50.0,200.0,August,8,2023-08,36-50
808,CUST808,Male,33,Beauty,4,500.0,2000.0,April,4,2023-04,26-35
809,CUST809,Female,62,Beauty,2,50.0,100.0,September,9,2023-09,51-64
810,CUST810,Male,59,Electronics,4,25.0,100.0,November,11,2023-11,51-64
811,CUST811,Male,61,Beauty,2,25.0,50.0,May,5,2023-05,51-64
812,CUST812,Male,19,Electronics,3,25.0,75.0,November,11,2023-11,18-25
813,CUST813,Male,52,Electronics,3,50.0,150.0,October,10,2023-10,51-64
814,CUST814,Female,59,Clothing,1,500.0,500.0,September,9,2023-09,51-64
815,CUST815,Female,51,Clothing,3,25.0,75.0,August,8,2023-08,51-64
816,CUST816,Male,47,Beauty,2,500.0,1000.0,August,8,2023-08,36-50
817,CUST817,Male,30,Beauty,4,50.0,200.0,October,10,2023-10,26-35
818,CUST818,Male,30,Electronics,1,500.0,500.0,May,5,2023-05,26-35
819,CUST819,Female,35,Beauty,2,50.0,100.0,June,6,2023-06,26-35
820,CUST820,Male,49,Electronics,4,50.0,200.0,May,5,2023-05,36-50
821,CUST821,Male,49,Electronics,1,300.0,300.0,February,2,2023-02,36-50
822,CUST822,Female,52,Beauty,3,50.0,150.0,May,5,2023-05,51-64
823,CUST823,Female,56,Electronics,2,50.0,100.0,August,8,2023-08,51-64
824,CUST824,Male,63,Clothing,4,30.0,120.0,May,5,2023-05,51-64
825,CUST825,Female,46,Beauty,1,25.0,25.0,August,8,2023-08,36-50
826,CUST826,Female,46,Clothing,1,300.0,300.0,October,10,2023-10,36-50
827,CUST827,Male,61,Beauty,3,300.0,900.0,November,11,2023-11,51-64
828,CUST828,Female,33,Electronics,4,300.0,1200.0,December,12,2023-12,26-35
829,CUST829,Male,61,Beauty,3,30.0,90.0,July,7,2023-07,51-64
830,CUST830,Female,64,Clothing,3,50.0,150.0,June,6,2023-06,51-64
831,CUST831,Male,27,Electronics,4,25.0,100.0,January,1,2023-01,26-35
832,CUST832,Male,47,Beauty,4,500.0,2000.0,September,9,2023-09,36-50
833,CUST833,Male,42,Beauty,4,50.0,200.0,June,6,2023-06,36-50
834,CUST834,Female,56,Beauty,2,30.0,60.0,April,4,2023-04,51-64
835,CUST835,Male,37,Clothing,4,50.0,200.0,September,9,2023-09,36-50
836,CUST836,Female,22,Clothing,1,50.0,50.0,April,4,2023-04,18-25
837,CUST837,Male,18,Beauty,3,30.0,90.0,July,7,2023-07,
838,CUST838,Male,47,Electronics,2,300.0,600.0,May,5,2023-05,36-50
839,CUST839,Female,20,Electronics,4,300.0,1200.0,June,6,2023-06,18-25
840,CUST840,Male,62,Clothing,2,25.0,50.0,May,5,2023-05,51-64
841,CUST841,Male,31,Electronics,4,25.0,100.0,November,11,2023-11,26-35
842,CUST842,Female,47,Clothing,2,300.0,600.0,December,12,2023-12,36-50
843,CUST843,Male,21,Beauty,3,500.0,1500.0,May,5,2023-05,18-25
844,CUST844,Male,35,Clothing,3,50.0,150.0,October,10,2023-10,26-35
845,CUST845,Male,54,Clothing,1,500.0,500.0,January,1,2023-01,51-64
846,CUST846,Male,42,Beauty,1,50.0,50.0,September,9,2023-09,36-50
847,CUST847,Female,18,Electronics,4,300.0,1200.0,April,4,2023-04,
848,CUST848,Female,63,Clothing,3,25.0,75.0,February,2,2023-02,51-64
849,CUST849,Male,32,Clothing,2,25.0,50.0,May,5,2023-05,26-35
850,CUST850,Female,26,Beauty,2,500.0,1000.0,July,7,2023-07,26-35
851,CUST851,Male,32,Electronics,2,25.0,50.0,September,9,2023-09,26-35
852,CUST852,Female,41,Clothing,1,300.0,300.0,October,10,2023-10,36-50
853,CUST853,Male,21,Beauty,2,500.0,1000.0,May,5,2023-05,18-25
854,CUST854,Male,29,Clothing,1,50.0,50.0,December,12,2023-12,26-35
855,CUST855,Male,54,Beauty,1,25.0,25.0,September,9,2023-09,51-64
856,CUST856,Male,54,Electronics,4,30.0,120.0,November,11,2023-11,51-64
857,CUST857,Male,60,Electronics,2,25.0,50.0,December,12,2023-12,51-64
858,CUST858,Male,23,Electronics,2,50.0,100.0,September,9,2023-09,18-25
859,CUST859,Female,56,Electronics,3,500.0,1500.0,August,8,2023-08,51-64
860,CUST860,Male,63,Clothing,4,50.0,200.0,January,1,2023-01,51-64
861,CUST861,Female,41,Clothing,3,30.0,90.0,February,2,2023-02,36-50
862,CUST862,Male,28,Electronics,4,300.0,1200.0,May,5,2023-05,26-35
863,CUST863,Female,30,Electronics,2,25.0,50.0,April,4,2023-04,26-35
864,CUST864,Female,51,Electronics,1,500.0,500.0,July,7,2023-07,51-64
865,CUST865,Female,42,Clothing,1,300.0,300.0,December,12,2023-12,36-50
866,CUST866,Male,24,Electronics,1,50.0,50.0,May,5,2023-05,18-25
867,CUST867,Male,21,Electronics,1,500.0,500.0,June,6,2023-06,18-25
868,CUST868,Female,25,Electronics,1,300.0,300.0,December,12,2023-12,18-25
869,CUST869,Male,37,Beauty,3,500.0,1500.0,October,10,2023-10,36-50
870,CUST870,Female,46,Electronics,4,30.0,120.0,July,7,2023-07,36-50
871,CUST871,Male,62,Beauty,2,30.0,60.0,August,8,2023-08,51-64
872,CUST872,Female,63,Beauty,3,25.0,75.0,October,10,2023-10,51-64
873,CUST873,Female,27,Electronics,4,25.0,100.0,September,9,2023-09,26-35
874,CUST874,Male,60,Beauty,1,30.0,30.0,June,6,2023-06,51-64
875,CUST875,Female,51,Electronics,4,500.0,2000.0,August,8,2023-08,51-64
876,CUST876,Male,43,Clothing,4,30.0,120.0,October,10,2023-10,36-50
877,CUST877,Female,58,Clothing,1,25.0,25.0,June,6,2023-06,51-64
878,CUST878,Female,20,Clothing,1,30.0,30.0,June,6,2023-06,18-25
879,CUST879,Male,23,Clothing,1,30.0,30.0,December,12,2023-12,18-25
880,CUST880,Male,22,Beauty,2,500.0,1000.0,August,8,2023-08,18-25
881,CUST881,Male,22,Electronics,1,300.0,300.0,May,5,2023-05,18-25
882,CUST882,Female,64,Electronics,2,25.0,50.0,June,6,2023-06,51-64
883,CUST883,Male,40,Electronics,1,500.0,500.0,May,5,2023-05,36-50
884,CUST884,Female,26,Clothing,2,30.0,60.0,April,4,2023-04,26-35
885,CUST885,Female,52,Clothing,4,30.0,120.0,March,3,2023-03,51-64
886,CUST886,Male,37,Electronics,3,300.0,900.0,April,4,2023-04,36-50
887,CUST887,Male,59,Clothing,4,25.0,100.0,June,6,2023-06,51-64
888,CUST888,Female,52,Electronics,4,25.0,100.0,March,3,2023-03,51-64
889,CUST889,Female,35,Electronics,1,50.0,50.0,October,10,2023-10,26-35
890,CUST890,Male,34,Electronics,2,25.0,50.0,December,12,2023-12,26-35
891,CUST891,Male,41,Electronics,3,300.0,900.0,April,4,2023-04,36-50
892,CUST892,Male,20,Electronics,1,50.0,50.0,April,4,2023-04,18-25
893,CUST893,Male,49,Electronics,1,50.0,50.0,April,4,2023-04,36-50
894,CUST894,Male,52,Electronics,1,30.0,30.0,September,9,2023-09,51-64
895,CUST895,Female,55,Clothing,4,30.0,120.0,May,5,2023-05,51-64
896,CUST896,Female,30,Electronics,2,25.0,50.0,October,10,2023-10,26-35
897,CUST897,Female,64,Electronics,2,50.0,100.0,September,9,2023-09,51-64
898,CUST898,Female,42,Clothing,3,30.0,90.0,November,11,2023-11,36-50
899,CUST899,Male,26,Clothing,2,300.0,600.0,May,5,2023-05,26-35
900,CUST900,Male,21,Clothing,2,30.0,60.0,February,2,2023-02,18-25
901,CUST901,Male,31,Electronics,1,30.0,30.0,April,4,2023-04,26-35
902,CUST902,Female,54,Beauty,1,50.0,50.0,June,6,2023-06,51-64
903,CUST903,Female,51,Beauty,4,50.0,200.0,April,4,2023-04,51-64
904,CUST904,Male,28,Clothing,1,500.0,500.0,July,7,2023-07,26-35
905,CUST905,Male,58,Beauty,1,300.0,300.0,April,4,2023-04,51-64
906,CUST906,Female,20,Clothing,1,50.0,50.0,June,6,2023-06,18-25
907,CUST907,Female,45,Electronics,1,25.0,25.0,January,1,2023-01,36-50
908,CUST908,Male,46,Beauty,4,300.0,1200.0,December,12,2023-12,36-50
909,CUST909,Male,26,Electronics,1,300.0,300.0,October,10,2023-10,26-35
910,CUST910,Female,20,Beauty,3,50.0,150.0,March,3,2023-03,18-25
911,CUST911,Male,42,Electronics,3,300.0,900.0,May,5,2023-05,36-50
912,CUST912,Male,51,Beauty,3,50.0,150.0,January,1,2023-01,51-64
913,CUST913,Male,29,Electronics,3,30.0,90.0,January,1,2023-01,26-35
914,CUST914,Female,59,Electronics,1,500.0,500.0,October,10,2023-10,51-64
915,CUST915,Female,26,Beauty,3,30.0,90.0,May,5,2023-05,26-35
916,CUST916,Female,32,Electronics,1,50.0,50.0,December,12,2023-12,26-35
917,CUST917,Female,57,Electronics,4,50.0,200.0,March,3,2023-03,51-64
918,CUST918,Female,42,Electronics,3,30.0,90.0,November,11,2023-11,36-50
919,CUST919,Female,22,Beauty,2,25.0,50.0,September,9,2023-09,18-25
920,CUST920,Female,28,Beauty,3,25.0,75.0,February,2,2023-02,26-35
921,CUST921,Male,51,Electronics,3,25.0,75.0,January,1,2023-01,51-64
922,CUST922,Male,41,Electronics,1,50.0,50.0,October,10,2023-10,36-50
923,CUST923,Male,32,Beauty,3,300.0,900.0,May,5,2023-05,26-35
924,CUST924,Male,55,Beauty,2,50.0,100.0,August,8,2023-08,51-64
925,CUST925,Male,25,Electronics,1,300.0,300.0,September,9,2023-09,18-25
926,CUST926,Male,22,Electronics,1,30.0,30.0,August,8,2023-08,18-25
927,CUST927,Male,43,Electronics,4,500.0,2000.0,June,6,2023-06,36-50
928,CUST928,Female,35,Clothing,4,300.0,1200.0,April,4,2023-04,26-35
929,CUST929,Female,23,Beauty,3,25.0,75.0,January,1,2023-01,18-25
930,CUST930,Male,54,Clothing,4,50.0,200.0,May,5,2023-05,51-64
931,CUST931,Male,30,Beauty,4,30.0,120.0,September,9,2023-09,26-35
932,CUST932,Female,45,Beauty,4,25.0,100.0,February,2,2023-02,36-50
933,CUST933,Male,22,Beauty,1,30.0,30.0,February,2,2023-02,18-25
934,CUST934,Male,30,Beauty,1,500.0,500.0,July,7,2023-07,26-35
935,CUST935,Female,34,Beauty,1,50.0,50.0,September,9,2023-09,26-35
936,CUST936,Male,57,Beauty,4,50.0,200.0,February,2,2023-02,51-64
937,CUST937,Female,62,Beauty,1,500.0,500.0,October,10,2023-10,51-64
938,CUST938,Male,49,Clothing,4,50.0,200.0,November,11,2023-11,36-50
939,CUST939,Female,46,Electronics,1,300.0,300.0,December,12,2023-12,36-50
940,CUST940,Female,20,Electronics,1,30.0,30.0,January,1,2023-01,18-25
941,CUST941,Female,57,Clothing,2,25.0,50.0,March,3,2023-03,51-64
942,CUST942,Male,51,Clothing,3,500.0,1500.0,March,3,2023-03,51-64
943,CUST943,Female,57,Clothing,4,300.0,1200.0,October,10,2023-10,51-64
944,CUST944,Male,44,Clothing,2,25.0,50.0,June,6,2023-06,36-50
945,CUST945,Male,30,Beauty,1,25.0,25.0,February,2,2023-02,26-35
946,CUST946,Male,62,Electronics,4,500.0,2000.0,May,5,2023-05,51-64
947,CUST947,Male,50,Beauty,1,300.0,300.0,March,3,2023-03,36-50
948,CUST948,Female,23,Electronics,3,25.0,75.0,October,10,2023-10,18-25
949,CUST949,Female,41,Electronics,2,25.0,50.0,August,8,2023-08,36-50
950,CUST950,Male,36,Clothing,3,300.0,900.0,November,11,2023-11,36-50
951,CUST951,Male,33,Beauty,2,50.0,100.0,November,11,2023-11,26-35
952,CUST952,Female,57,Clothing,1,25.0,25.0,November,11,2023-11,51-64
953,CUST953,Male,45,Beauty,3,30.0,90.0,April,4,2023-04,36-50
954,CUST954,Female,50,Electronics,3,300.0,900.0,September,9,2023-09,36-50
955,CUST955,Male,58,Clothing,1,25.0,25.0,July,7,2023-07,51-64
956,CUST956,Male,30,Clothing,3,500.0,1500.0,August,8,2023-08,26-35
957,CUST957,Female,60,Electronics,4,30.0,120.0,August,8,2023-08,51-64
958,CUST958,Male,62,Electronics,2,25.0,50.0,June,6,2023-06,51-64
959,CUST959,Female,42,Electronics,2,30.0,60.0,October,10,2023-10,36-50
960,CUST960,Male,59,Clothing,2,30.0,60.0,August,8,2023-08,51-64
961,CUST961,Male,53,Beauty,4,50.0,200.0,June,6,2023-06,51-64
962,CUST962,Male,44,Clothing,2,30.0,60.0,October,10,2023-10,36-50
963,CUST963,Female,55,Beauty,1,50.0,50.0,November,11,2023-11,51-64
964,CUST964,Male,24,Clothing,3,300.0,900.0,January,1,2023-01,18-25
965,CUST965,Male,22,Clothing,4,50.0,200.0,November,11,2023-11,18-25
966,CUST966,Male,60,Electronics,2,500.0,1000.0,February,2,2023-02,51-64
967,CUST967,Male,62,Beauty,1,25.0,25.0,April,4,2023-04,51-64
968,CUST968,Female,48,Clothing,3,300.0,900.0,November,11,2023-11,36-50
969,CUST969,Female,40,Clothing,3,300.0,900.0,April,4,2023-04,36-50
970,CUST970,Male,59,Electronics,4,500.0,2000.0,May,5,2023-05,51-64
971,CUST971,Female,27,Electronics,4,50.0,200.0,December,12,2023-12,26-35
972,CUST972,Male,49,Beauty,4,25.0,100.0,February,2,2023-02,36-50
973,CUST973,Male,60,Clothing,1,50.0,50.0,March,3,2023-03,51-64
974,CUST974,Male,47,Beauty,1,30.0,30.0,May,5,2023-05,36-50
975,CUST975,Female,56,Clothing,4,50.0,200.0,March,3,2023-03,51-64
976,CUST976,Female,48,Beauty,2,300.0,600.0,October,10,2023-10,36-50
977,CUST977,Female,35,Electronics,3,25.0,75.0,February,2,2023-02,26-35
978,CUST978,Female,53,Clothing,3,50.0,150.0,March,3,2023-03,51-64
979,CUST979,Female,19,Beauty,1,25.0,25.0,January,1,2023-01,18-25
980,CUST980,Female,31,Electronics,3,25.0,75.0,July,7,2023-07,26-35
981,CUST981,Female,30,Electronics,2,30.0,60.0,August,8,2023-08,26-35
982,CUST982,Female,46,Beauty,3,30.0,90.0,December,12,2023-12,36-50
983,CUST983,Female,29,Clothing,1,300.0,300.0,November,11,2023-11,26-35
984,CUST984,Male,56,Clothing,1,500.0,500.0,August,8,2023-08,51-64
985,CUST985,Female,19,Electronics,2,25.0,50.0,May,5,2023-05,18-25
986,CUST986,Female,49,Clothing,2,500.0,1000.0,January,1,2023-01,36-50
987,CUST987,Female,30,Clothing,3,300.0,900.0,April,4,2023-04,26-35
988,CUST988,Female,63,Clothing,3,25.0,75.0,May,5,2023-05,51-64
989,CUST989,Female,44,Electronics,1,25.0,25.0,December,12,2023-12,36-50
990,CUST990,Female,58,Beauty,2,500.0,1000.0,May,5,2023-05,51-64
991,CUST991,Female,34,Clothing,2,50.0,100.0,December,12,2023-12,26-35
992,CUST992,Female,57,Electronics,2,30.0,60.0,August,8,2023-08,51-64
993,CUST993,Female,48,Electronics,3,50.0,150.0,February,2,2023-02,36-50
994,CUST994,Female,51,Beauty,2,500.0,1000.0,December,12,2023-12,51-64
995,CUST995,Female,41,Clothing,1,30.0,30.0,April,4,2023-04,36-50
996,CUST996,Male,62,Clothing,1,50.0,50.0,May,5,2023-05,51-64
997,CUST997,Male,52,Beauty,3,30.0,90.0,November,11,2023-11,51-64
998,CUST998,Female,23,Beauty,4,25.0,100.0,October,10,2023-10,18-25
999,CUST999,Female,36,Electronics,3,50.0,150.0,December,12,2023-12,36-50
1000,CUST1000,Male,47,Electronics,4,30.0,120.0,April,4,2023-04,36-50
